FID,Shape,FacilityID,FacilityRa,Name,IncidentCu,FacilityCu,IncidentID,StartTime,EndTime,StartTimeU,EndTimeUTC,Total_Minu,Total_Trav,Total_Mile,Total_Kilo,Total_Time,Total_Walk,Total_Truc,Total_Tr_1,Shape_Leng
0,<geoprocessing describe geometry object object at 0x0000017C3FA406C0>,30,1,Location 30 - Thomas J Kavanaugh VFW Post,1,2,1,,,,,0.0,0.0,0.0,0.133808400206,0.0,1.60572535111,0.0,0.0,0.00141174948272
1,<geoprocessing describe geometry object object at 0x0000017C3FA403C0>,53,2,Location 53 - Thomas J Kavanaugh VFW Post,1,1,1,,,,,0.0,0.0,0.0,0.147648484891,0.0,1.7717451976,0.0,0.0,0.00147762122214
2,<geoprocessing describe geometry object object at 0x0000017C3FA402D0>,28,3,Location 28 - Thomas J Kavanaugh VFW Post,1,1,1,,,,,0.0,0.0,0.0,0.215498483874,0.0,2.58586665055,0.0,0.0,0.00222119671567
3,<geoprocessing describe geometry object object at 0x0000017C3FA406C0>,100,4,Location 100 - Thomas J Kavanaugh VFW Post,2,2,1,,,,,0.0,0.0,0.0,0.315062689277,0.0,3.78079552034,0.0,0.0,0.00313646255889
4,<geoprocessing describe geometry object object at 0x0000017C3FA403C0>,27,5,Location 27 - Thomas J Kavanaugh VFW Post,2,1,1,,,,,0.0,0.0,0.0,0.315062689277,0.0,3.78079552034,0.0,0.0,0.00313646255889
5,<geoprocessing describe geometry object object at 0x0000017C3FA402D0>,13,6,Location 13 - Thomas J Kavanaugh VFW Post,2,2,1,,,,,0.0,0.0,0.0,0.447446032391,0.0,5.36907677302,0.0,0.0,0.00453760014725
6,<geoprocessing describe geometry object object at 0x0000017C3FA406C0>,26,7,Location 26 - Thomas J Kavanaugh VFW Post,2,1,1,,,,,0.0,0.0,0.0,0.484534840875,0.0,5.81412644252,0.0,0.0,0.00494262888704
7,<geoprocessing describe geometry object object at 0x0000017C3FA403C0>,55,8,Location 55 - Thomas J Kavanaugh VFW Post,2,1,1,,,,,0.0,0.0,0.0,0.484534840875,0.0,5.81412644252,0.0,0.0,0.00494262888704
8,<geoprocessing describe geometry object object at 0x0000017C3FA402D0>,80,9,Location 80 - Thomas J Kavanaugh VFW Post,2,1,1,,,,,0.0,0.0,0.0,0.485095742859,0.0,5.82081192977,0.0,0.0,0.00477813299327
9,<geoprocessing describe geometry object object at 0x0000017C3FA406C0>,81,10,Location 81 - Thomas J Kavanaugh VFW Post,2,2,1,,,,,0.0,0.0,0.0,0.601489342183,0.0,7.21767069018,0.0,0.0,0.00618798135132
10,<geoprocessing describe geometry object object at 0x0000017C3FA403C0>,14,11,Location 14 - Thomas J Kavanaugh VFW Post,2,2,1,,,,,0.0,0.0,0.0,0.672749998687,0.0,8.07279856823,0.0,0.0,0.00699826007387
11,<geoprocessing describe geometry object object at 0x0000017C3FA402D0>,33,12,Location 33 - Thomas J Kavanaugh VFW Post,2,1,1,,,,,0.0,0.0,0.0,0.683568986563,0.0,8.20260255268,0.0,0.0,0.00707010611568
12,<geoprocessing describe geometry object object at 0x0000017C3FA406C0>,58,13,Location 58 - Thomas J Kavanaugh VFW Post,2,1,1,,,,,0.0,0.0,0.0,0.909805735624,0.0,10.9174900543,0.0,0.0,0.00962381298751
13,<geoprocessing describe geometry object object at 0x0000017C3FA403C0>,16,14,Location 16 - Thomas J Kavanaugh VFW Post,2,1,1,,,,,0.0,0.0,0.0,1.02596455616,0.0,12.311228831,0.0,0.0,0.0109261122041
14,<geoprocessing describe geometry object object at 0x0000017C3FA402D0>,11,15,Location 11 - Thomas J Kavanaugh VFW Post,2,1,1,,,,,0.0,0.0,0.0,1.52365968914,0.0,18.2842812825,0.0,0.0,0.0167508905506
15,<geoprocessing describe geometry object object at 0x0000017C3FA406C0>,56,16,Location 56 - Thomas J Kavanaugh VFW Post,2,2,1,,,,,0.0,0.0,0.0,1.52365968914,0.0,18.2842812825,0.0,0.0,0.0167508905506
16,<geoprocessing describe geometry object object at 0x0000017C3FA403C0>,99,17,Location 99 - Thomas J Kavanaugh VFW Post,2,1,1,,,,,0.0,0.0,0.0,1.52365968914,0.0,18.2842812825,0.0,0.0,0.0167508905506
17,<geoprocessing describe geometry object object at 0x0000017C3FA402D0>,10,18,Location 10 - Thomas J Kavanaugh VFW Post,2,2,1,,,,,0.0,0.0,0.0,1.69533174582,0.0,20.3441956501,0.0,0.0,0.0183575104246
18,<geoprocessing describe geometry object object at 0x0000017C3FA406C0>,36,19,Location 36 - Thomas J Kavanaugh VFW Post,2,2,1,,,,,0.0,0.0,0.0,1.71423812983,0.0,20.5713469526,0.0,0.0,0.0170500243604
19,<geoprocessing describe geometry object object at 0x0000017C3FA403C0>,60,20,Location 60 - Thomas J Kavanaugh VFW Post,2,2,1,,,,,0.0,0.0,0.0,1.71663911449,0.0,20.600162449,0.0,0.0,0.0170716631227
20,<geoprocessing describe geometry object object at 0x0000017C3FA402D0>,85,21,Location 85 - Thomas J Kavanaugh VFW Post,2,1,1,,,,,0.0,0.0,0.0,1.72198546108,0.0,20.6640416989,0.0,0.0,0.0171310364431
21,<geoprocessing describe geometry object object at 0x0000017C3FA406C0>,59,22,Location 59 - Thomas J Kavanaugh VFW Post,2,2,1,,,,,0.0,0.0,0.0,1.72198546108,0.0,20.6640416989,0.0,0.0,0.0171310364431
22,<geoprocessing describe geometry object object at 0x0000017C3FA403C0>,35,23,Location 35 - Thomas J Kavanaugh VFW Post,2,1,1,,,,,0.0,0.0,0.0,1.72198546108,0.0,20.6640416989,0.0,0.0,0.0171310364431
23,<geoprocessing describe geometry object object at 0x0000017C3FA402D0>,74,24,Location 74 - Thomas J Kavanaugh VFW Post,2,2,1,,,,,0.0,0.0,0.0,1.72351881108,0.0,20.6824374405,0.0,0.0,0.0186165202022
24,<geoprocessing describe geometry object object at 0x0000017C3FA406C0>,51,25,Location 51 - Thomas J Kavanaugh VFW Post,2,2,1,,,,,0.0,0.0,0.0,1.73310710162,0.0,20.7974959091,0.0,0.0,0.0187046275348
25,<geoprocessing describe geometry object object at 0x0000017C3FA403C0>,84,26,Location 84 - Thomas J Kavanaugh VFW Post,2,1,1,,,,,0.0,0.0,0.0,1.79166772796,0.0,21.5003174555,0.0,0.0,0.0179723669569
26,<geoprocessing describe geometry object object at 0x0000017C3FA402D0>,83,27,Location 83 - Thomas J Kavanaugh VFW Post,2,2,1,,,,,0.0,0.0,0.0,1.79166772796,0.0,21.5003174555,0.0,0.0,0.0179723669569
27,<geoprocessing describe geometry object object at 0x0000017C3FA406C0>,82,28,Location 82 - Thomas J Kavanaugh VFW Post,2,2,1,,,,,0.0,0.0,0.0,1.85391269779,0.0,22.2468837693,0.0,0.0,0.018736900401
28,<geoprocessing describe geometry object object at 0x0000017C3FA403C0>,34,29,Location 34 - Thomas J Kavanaugh VFW Post,2,2,1,,,,,0.0,0.0,0.0,1.86276700098,0.0,22.3539462981,0.0,0.0,0.0191782794762
29,<geoprocessing describe geometry object object at 0x0000017C3FA402D0>,24,30,Location 24 - Thomas J Kavanaugh VFW Post,2,2,1,,,,,0.0,0.0,0.0,1.88280992735,0.0,22.5938524871,0.0,0.0,0.0201647555565
30,<geoprocessing describe geometry object object at 0x0000017C3FA406C0>,8,31,Location 8 - Thomas J Kavanaugh VFW Post,2,2,1,,,,,0.0,0.0,0.0,1.88280992735,0.0,22.5938524871,0.0,0.0,0.0201647555565
31,<geoprocessing describe geometry object object at 0x0000017C3FA403C0>,15,32,Location 15 - Thomas J Kavanaugh VFW Post,2,2,1,,,,,0.0,0.0,0.0,1.88895380821,0.0,22.6681685679,0.0,0.0,0.0195304731922
32,<geoprocessing describe geometry object object at 0x0000017C3FA402D0>,31,33,Location 31 - Thomas J Kavanaugh VFW Post,2,1,1,,,,,0.0,0.0,0.0,1.90139670844,0.0,22.8173208042,0.0,0.0,0.0198698469678
33,<geoprocessing describe geometry object object at 0x0000017C3FA406C0>,52,34,Location 52 - Thomas J Kavanaugh VFW Post,2,2,1,,,,,0.0,0.0,0.0,1.90427825694,0.0,22.8515987343,0.0,0.0,0.0202775368207
34,<geoprocessing describe geometry object object at 0x0000017C3FA403C0>,57,35,Location 57 - Thomas J Kavanaugh VFW Post,2,2,1,,,,,0.0,0.0,0.0,1.90980054342,0.0,22.9181677617,0.0,0.0,0.0199469826829
35,<geoprocessing describe geometry object object at 0x0000017C3FA402D0>,12,36,Location 12 - Thomas J Kavanaugh VFW Post,2,1,1,,,,,0.0,0.0,0.0,1.91450865737,0.0,22.9745677573,0.0,0.0,0.020155697671
36,<geoprocessing describe geometry object object at 0x0000017C3FA406C0>,73,37,Location 73 - Thomas J Kavanaugh VFW Post,2,1,1,,,,,0.0,0.0,0.0,1.94792677732,0.0,23.3754173484,0.0,0.0,0.0207018795108
37,<geoprocessing describe geometry object object at 0x0000017C3FA403C0>,37,38,Location 37 - Thomas J Kavanaugh VFW Post,2,2,1,,,,,0.0,0.0,0.0,5.20982590377,0.0,62.5170422136,0.0,0.0,0.0552869596384
38,<geoprocessing describe geometry object object at 0x0000017C3FA402D0>,87,39,Location 87 - Thomas J Kavanaugh VFW Post,2,1,1,,,,,0.0,0.0,0.0,5.3954796876,0.0,64.7446103324,0.0,0.0,0.0575482303141
39,<geoprocessing describe geometry object object at 0x0000017C3FA403C0>,61,40,Location 61 - Thomas J Kavanaugh VFW Post,2,2,1,,,,,0.0,0.0,0.0,5.3954796876,0.0,64.7446103324,0.0,0.0,0.0575482303141
40,<geoprocessing describe geometry object object at 0x0000017C3FA402D0>,54,41,Location 54 - Thomas J Kavanaugh VFW Post,2,2,1,,,,,0.0,0.0,0.0,5.82207201524,0.0,69.8636898312,0.0,0.0,0.0616367558466
41,<geoprocessing describe geometry object object at 0x0000017C3FA403C0>,32,42,Location 32 - Thomas J Kavanaugh VFW Post,2,1,1,,,,,0.0,0.0,0.0,6.06359166814,0.0,72.7617960456,0.0,0.0,0.0644124997252
42,<geoprocessing describe geometry object object at 0x0000017C3FA402D0>,29,43,Location 29 - Thomas J Kavanaugh VFW Post,2,2,1,,,,,0.0,0.0,0.0,6.07947961474,0.0,72.9524436876,0.0,0.0,0.064593820656
43,<geoprocessing describe geometry object object at 0x0000017C3FA403C0>,130,1,Location 130 - Thomas J Kavanaugh VFW Post,1,1,1,,,,,0.0,0.0,0.0,0.145100474317,0.0,1.74117187018,0.0,0.0,0.00145420617252
44,<geoprocessing describe geometry object object at 0x0000017C3FA402D0>,184,2,Location 184 - Thomas J Kavanaugh VFW Post,2,2,1,,,,,0.0,0.0,0.0,0.315062689277,0.0,3.78079552034,0.0,0.0,0.00313646255889
45,<geoprocessing describe geometry object object at 0x0000017C3FA403C0>,181,3,Location 181 - Thomas J Kavanaugh VFW Post,2,2,1,,,,,0.0,0.0,0.0,0.315062689277,0.0,3.78079552034,0.0,0.0,0.00313646255889
46,<geoprocessing describe geometry object object at 0x0000017C3FA402D0>,158,4,Location 158 - Thomas J Kavanaugh VFW Post,2,2,1,,,,,0.0,0.0,0.0,0.315062689277,0.0,3.78079552034,0.0,0.0,0.00313646255889
47,<geoprocessing describe geometry object object at 0x0000017C3FA403C0>,101,5,Location 101- Thomas J Kavanaugh VFW Post,2,1,1,,,,,0.0,0.0,0.0,0.484534840875,0.0,5.81412644252,0.0,0.0,0.00494262888704
48,<geoprocessing describe geometry object object at 0x0000017C3FA402D0>,186,6,Location 186 - Thomas J Kavanaugh VFW Post,2,1,1,,,,,0.0,0.0,0.0,0.484534840875,0.0,5.81412644252,0.0,0.0,0.00494262888704
49,<geoprocessing describe geometry object object at 0x0000017C3FA403C0>,128,7,Location 128 - Thomas J Kavanaugh VFW Post,2,1,1,,,,,0.0,0.0,0.0,0.484534840875,0.0,5.81412644252,0.0,0.0,0.00494262888704
50,<geoprocessing describe geometry object object at 0x0000017C3FA402D0>,135,8,Location 135 - Thomas J Kavanaugh VFW Post,2,1,1,,,,,0.0,0.0,0.0,0.484534840875,0.0,5.81412644252,0.0,0.0,0.00494262888704
51,<geoprocessing describe geometry object object at 0x0000017C3FA403C0>,144,9,Location 144 - Thomas J Kavanaugh VFW Post,2,2,1,,,,,0.0,0.0,0.0,0.484534840875,0.0,5.81412644252,0.0,0.0,0.00494262888704
52,<geoprocessing describe geometry object object at 0x0000017C3FA4A120>,187,10,Location 187 - Thomas J Kavanaugh VFW Post,2,1,1,,,,,0.0,0.0,0.0,0.485095742859,0.0,5.82081192977,0.0,0.0,0.00477813299327
53,<geoprocessing describe geometry object object at 0x0000017C3FA402D0>,104,11,Location 104- Thomas J Kavanaugh VFW Post,2,1,1,,,,,0.0,0.0,0.0,0.619268158206,0.0,7.43100771092,0.0,0.0,0.00637019936825
54,<geoprocessing describe geometry object object at 0x0000017C3FA4A120>,106,12,Location 106- Thomas J Kavanaugh VFW Post,2,2,1,,,,,0.0,0.0,0.0,0.732161977514,0.0,8.78572361232,0.0,0.0,0.00759700879582
55,<geoprocessing describe geometry object object at 0x0000017C3FA402D0>,183,13,Location 183 - Thomas J Kavanaugh VFW Post,2,2,1,,,,,0.0,0.0,0.0,1.49941126079,0.0,17.9932076385,0.0,0.0,0.0166092107465
56,<geoprocessing describe geometry object object at 0x0000017C3FA4A120>,133,14,Location 133 - Thomas J Kavanaugh VFW Post,2,1,1,,,,,0.0,0.0,0.0,1.51554413119,0.0,18.1868831366,0.0,0.0,0.016674848818
57,<geoprocessing describe geometry object object at 0x0000017C3FA402D0>,132,15,Location 132 - Thomas J Kavanaugh VFW Post,2,1,1,,,,,0.0,0.0,0.0,1.52365968914,0.0,18.2842812825,0.0,0.0,0.0167508905506
58,<geoprocessing describe geometry object object at 0x0000017C3FA4A120>,126,16,Location 126 - Thomas J Kavanaugh VFW Post,2,1,1,,,,,0.0,0.0,0.0,1.63978018644,0.0,19.6775850156,0.0,0.0,0.0178982381726
59,<geoprocessing describe geometry object object at 0x0000017C3FA402D0>,179,17,Location 179 - Thomas J Kavanaugh VFW Post,2,1,1,,,,,0.0,0.0,0.0,1.63978018644,0.0,19.6775850156,0.0,0.0,0.0178982381726
60,<geoprocessing describe geometry object object at 0x0000017C3FA4A120>,154,18,Location 154 - Thomas J Kavanaugh VFW Post,2,2,1,,,,,0.0,0.0,0.0,1.71818708312,0.0,20.6184572711,0.0,0.0,0.0185675278403
61,<geoprocessing describe geometry object object at 0x0000017C3FA402D0>,137,19,Location 137 - Thomas J Kavanaugh VFW Post,2,2,1,,,,,0.0,0.0,0.0,1.72198546108,0.0,20.6640416989,0.0,0.0,0.0171310364431
62,<geoprocessing describe geometry object object at 0x0000017C3FA4A120>,105,20,Location 105- Thomas J Kavanaugh VFW Post,2,1,1,,,,,0.0,0.0,0.0,1.7849714523,0.0,21.420411325,0.0,0.0,0.0183118154771
63,<geoprocessing describe geometry object object at 0x0000017C3FA402D0>,145,21,Location 145 - Thomas J Kavanaugh VFW Post,2,2,1,,,,,0.0,0.0,0.0,1.7849714523,0.0,21.420411325,0.0,0.0,0.0183118154771
64,<geoprocessing describe geometry object object at 0x0000017C3FA4A120>,160,22,Location 160 - Thomas J Kavanaugh VFW Post,2,1,1,,,,,0.0,0.0,0.0,1.79166772796,0.0,21.5003174555,0.0,0.0,0.0179723669569
65,<geoprocessing describe geometry object object at 0x0000017C3FA402D0>,147,23,Location 147 - Thomas J Kavanaugh VFW Post,2,2,1,,,,,0.0,0.0,0.0,1.79166772796,0.0,21.5003174555,0.0,0.0,0.0179723669569
66,<geoprocessing describe geometry object object at 0x0000017C3FA4A120>,188,24,Location 188 - Thomas J Kavanaugh VFW Post,2,2,1,,,,,0.0,0.0,0.0,1.79166772796,0.0,21.5003174555,0.0,0.0,0.0179723669569
67,<geoprocessing describe geometry object object at 0x0000017C3FA402D0>,155,25,Location 155 - Thomas J Kavanaugh VFW Post,2,2,1,,,,,0.0,0.0,0.0,1.79426056106,0.0,21.5313309296,0.0,0.0,0.0192665660288
68,<geoprocessing describe geometry object object at 0x0000017C3FA4A120>,159,26,Location 159 - Thomas J Kavanaugh VFW Post,2,1,1,,,,,0.0,0.0,0.0,1.8258584358,0.0,21.9108444425,0.0,0.0,0.0188508639408
69,<geoprocessing describe geometry object object at 0x0000017C3FA402D0>,103,27,Location 103- Thomas J Kavanaugh VFW Post,2,1,1,,,,,0.0,0.0,0.0,1.8258584358,0.0,21.9108444425,0.0,0.0,0.0188508639408
70,<geoprocessing describe geometry object object at 0x0000017C3FA4A120>,152,28,Location 152 - Thomas J Kavanaugh VFW Post,2,2,1,,,,,0.0,0.0,0.0,1.88280992735,0.0,22.5938524871,0.0,0.0,0.0201647555565
71,<geoprocessing describe geometry object object at 0x0000017C3FA402D0>,199,29,Location 199 - Thomas J Kavanaugh VFW Post,2,2,1,,,,,0.0,0.0,0.0,1.88280992735,0.0,22.5938524871,0.0,0.0,0.0201647555565
72,<geoprocessing describe geometry object object at 0x0000017C3FA4A120>,136,30,Location 136 - Thomas J Kavanaugh VFW Post,2,2,1,,,,,0.0,0.0,0.0,1.88577373296,0.0,22.6300059923,0.0,0.0,0.0194934953494
73,<geoprocessing describe geometry object object at 0x0000017C3FA402D0>,134,31,Location 134 - Thomas J Kavanaugh VFW Post,2,2,1,,,,,0.0,0.0,0.0,1.90980054342,0.0,22.9181677617,0.0,0.0,0.0199469826829
74,<geoprocessing describe geometry object object at 0x0000017C3FA4A120>,131,32,Location 131 - Thomas J Kavanaugh VFW Post,2,1,1,,,,,0.0,0.0,0.0,1.91450865737,0.0,22.9745677573,0.0,0.0,0.020155697671
75,<geoprocessing describe geometry object object at 0x0000017C3FA402D0>,107,33,Location 107- Thomas J Kavanaugh VFW Post,2,2,1,,,,,0.0,0.0,0.0,5.19586077316,0.0,62.3496242012,0.0,0.0,0.0547116219954
76,<geoprocessing describe geometry object object at 0x0000017C3FA4A120>,138,34,Location 138 - Thomas J Kavanaugh VFW Post,2,1,1,,,,,0.0,0.0,0.0,5.22237110612,0.0,62.6676468966,0.0,0.0,0.055231683269
77,<geoprocessing describe geometry object object at 0x0000017C3FA402D0>,108,35,Location 108- Thomas J Kavanaugh VFW Post,2,1,1,,,,,0.0,0.0,0.0,5.37722445936,0.0,64.525576173,0.0,0.0,0.0573834611802
78,<geoprocessing describe geometry object object at 0x0000017C3FA4A120>,157,36,Location 157 - Thomas J Kavanaugh VFW Post,2,2,1,,,,,0.0,0.0,0.0,5.80255358361,0.0,69.6294633095,0.0,0.0,0.0614900475959
79,<geoprocessing describe geometry object object at 0x0000017C3FA402D0>,129,37,Location 129 - Thomas J Kavanaugh VFW Post,2,1,1,,,,,0.0,0.0,0.0,6.07947961474,0.0,72.9524436876,0.0,0.0,0.064593820656
80,<geoprocessing describe geometry object object at 0x0000017C3FA4A120>,219,1,Location 219 - Thomas J Kavanaugh VFW Post,1,2,1,,,,,0.0,0.0,0.0,0.0597512328856,0.0,0.716973242834,0.0,0.0,0.000634824038036
81,<geoprocessing describe geometry object object at 0x0000017C3FA402D0>,201,2,Location 201- Thomas J Kavanaugh VFW Post,1,1,1,,,,,0.0,0.0,0.0,0.147648484891,0.0,1.7717451976,0.0,0.0,0.00147762122214
82,<geoprocessing describe geometry object object at 0x0000017C3FA4A120>,278,3,Location 278 - Thomas J Kavanaugh VFW Post,1,1,1,,,,,0.0,0.0,0.0,0.147648484891,0.0,1.7717451976,0.0,0.0,0.00147762122214
83,<geoprocessing describe geometry object object at 0x0000017C3FA4A060>,277,4,Location 277 - Thomas J Kavanaugh VFW Post,1,1,1,,,,,0.0,0.0,0.0,0.147648484891,0.0,1.7717451976,0.0,0.0,0.00147762122214
84,<geoprocessing describe geometry object object at 0x0000017C3FA4A120>,272,5,Location 272 - Thomas J Kavanaugh VFW Post,1,1,1,,,,,0.0,0.0,0.0,0.186823867683,0.0,2.24178192092,0.0,0.0,0.00195800211035
85,<geoprocessing describe geometry object object at 0x0000017C3FA4A4E0>,247,6,Location 247 - Thomas J Kavanaugh VFW Post,1,1,1,,,,,0.0,0.0,0.0,0.197655746255,0.0,2.37176043519,0.0,0.0,0.00205742445561
86,<geoprocessing describe geometry object object at 0x0000017C3FA4A060>,295,7,Location 295 - Thomas J Kavanaugh VFW Post,1,1,1,,,,,0.0,0.0,0.0,0.214529875255,0.0,2.57424370737,0.0,0.0,0.0022123057337
87,<geoprocessing describe geometry object object at 0x0000017C3FA4A120>,217,8,Location 217 - Thomas J Kavanaugh VFW Post,1,1,1,,,,,0.0,0.0,0.0,0.215498483874,0.0,2.58586665055,0.0,0.0,0.00222119671567
88,<geoprocessing describe geometry object object at 0x0000017C3FA4A4E0>,276,9,Location 276 - Thomas J Kavanaugh VFW Post,1,1,1,,,,,0.0,0.0,0.0,0.215498483874,0.0,2.58586665055,0.0,0.0,0.00222119671567
89,<geoprocessing describe geometry object object at 0x0000017C3FA4A060>,273,10,Location 273 - Thomas J Kavanaugh VFW Post,2,2,1,,,,,0.0,0.0,0.0,0.315062689277,0.0,3.78079552034,0.0,0.0,0.00313646255889
90,<geoprocessing describe geometry object object at 0x0000017C3FA4A120>,202,11,Location 202- Thomas J Kavanaugh VFW Post,2,1,1,,,,,0.0,0.0,0.0,0.484534840875,0.0,5.81412644252,0.0,0.0,0.00494262888704
91,<geoprocessing describe geometry object object at 0x0000017C3FA4A4E0>,220,12,Location 220 - Thomas J Kavanaugh VFW Post,2,2,1,,,,,0.0,0.0,0.0,0.484534840875,0.0,5.81412644252,0.0,0.0,0.00494262888704
92,<geoprocessing describe geometry object object at 0x0000017C3FA4A060>,274,13,Location 274 - Thomas J Kavanaugh VFW Post,2,1,1,,,,,0.0,0.0,0.0,0.484534840875,0.0,5.81412644252,0.0,0.0,0.00494262888704
93,<geoprocessing describe geometry object object at 0x0000017C3FA4A120>,296,14,Location 296 - Thomas J Kavanaugh VFW Post,2,1,1,,,,,0.0,0.0,0.0,0.484534840875,0.0,5.81412644252,0.0,0.0,0.00494262888704
94,<geoprocessing describe geometry object object at 0x0000017C3FA4A4E0>,297,15,Location 297 - Thomas J Kavanaugh VFW Post,2,1,1,,,,,0.0,0.0,0.0,0.484534840875,0.0,5.81412644252,0.0,0.0,0.00494262888704
95,<geoprocessing describe geometry object object at 0x0000017C3FA4A060>,204,16,Location 204- Thomas J Kavanaugh VFW Post,2,2,1,,,,,0.0,0.0,0.0,0.485095742859,0.0,5.82081192977,0.0,0.0,0.00477813299327
96,<geoprocessing describe geometry object object at 0x0000017C3FA4A120>,234,17,Location 234 - Thomas J Kavanaugh VFW Post,2,1,1,,,,,0.0,0.0,0.0,0.485095742859,0.0,5.82081192977,0.0,0.0,0.00477813299327
97,<geoprocessing describe geometry object object at 0x0000017C3FA4A060>,251,18,Location 251 - Thomas J Kavanaugh VFW Post,2,2,1,,,,,0.0,0.0,0.0,0.584384239822,0.0,7.01240946184,0.0,0.0,0.00599339129631
98,<geoprocessing describe geometry object object at 0x0000017C3FA4A120>,250,19,Location 250 - Thomas J Kavanaugh VFW Post,2,2,1,,,,,0.0,0.0,0.0,0.645409322873,0.0,7.74471045846,0.0,0.0,0.00668725459326
99,<geoprocessing describe geometry object object at 0x0000017C3FA4A060>,285,20,Location 285 - Thomas J Kavanaugh VFW Post,2,1,1,,,,,0.0,0.0,0.0,1.08320968039,0.0,12.9981454945,0.0,0.0,0.0115680716966
100,<geoprocessing describe geometry object object at 0x0000017C3FA4A120>,293,21,Location 293 - Thomas J Kavanaugh VFW Post,2,1,1,,,,,0.0,0.0,0.0,1.63198302522,0.0,19.583998958,0.0,0.0,0.0178284259982
101,<geoprocessing describe geometry object object at 0x0000017C3FA4A060>,268,22,Location 268 - Thomas J Kavanaugh VFW Post,2,1,1,,,,,0.0,0.0,0.0,1.63198302522,0.0,19.583998958,0.0,0.0,0.0178284259982
102,<geoprocessing describe geometry object object at 0x0000017C3FA4A120>,237,23,Location 237 - Thomas J Kavanaugh VFW Post,2,2,1,,,,,0.0,0.0,0.0,1.71663911449,0.0,20.600162449,0.0,0.0,0.0170716631227
103,<geoprocessing describe geometry object object at 0x0000017C3FA4A060>,206,24,Location 206- Thomas J Kavanaugh VFW Post,2,2,1,,,,,0.0,0.0,0.0,1.79017910132,0.0,21.4824509659,0.0,0.0,0.0179589405789
104,<geoprocessing describe geometry object object at 0x0000017C3FA4A120>,254,25,Location 254 - Thomas J Kavanaugh VFW Post,2,2,1,,,,,0.0,0.0,0.0,1.79166772796,0.0,21.5003174555,0.0,0.0,0.0179723669569
105,<geoprocessing describe geometry object object at 0x0000017C3FA4A060>,249,26,Location 249 - Thomas J Kavanaugh VFW Post,2,2,1,,,,,0.0,0.0,0.0,1.8258584358,0.0,21.9108444425,0.0,0.0,0.0188508639408
106,<geoprocessing describe geometry object object at 0x0000017C3FA4A120>,283,27,Location 283 - Thomas J Kavanaugh VFW Post,2,2,1,,,,,0.0,0.0,0.0,1.8432916091,0.0,22.1201981618,0.0,0.0,0.0189995052284
107,<geoprocessing describe geometry object object at 0x0000017C3FA4A060>,252,28,Location 252 - Thomas J Kavanaugh VFW Post,2,1,1,,,,,0.0,0.0,0.0,1.86276700098,0.0,22.3539462981,0.0,0.0,0.0191782794762
108,<geoprocessing describe geometry object object at 0x0000017C3FA4A120>,236,29,Location 236 - Thomas J Kavanaugh VFW Post,2,2,1,,,,,0.0,0.0,0.0,1.86452732902,0.0,22.3750379701,0.0,0.0,0.0192464380228
109,<geoprocessing describe geometry object object at 0x0000017C3FA4A060>,287,30,Location 287 - Thomas J Kavanaugh VFW Post,2,1,1,,,,,0.0,0.0,0.0,1.88280992735,0.0,22.5938524871,0.0,0.0,0.0201647555565
110,<geoprocessing describe geometry object object at 0x0000017C3FA4A120>,221,31,Location 221 - Thomas J Kavanaugh VFW Post,2,2,1,,,,,0.0,0.0,0.0,1.88851811382,0.0,22.6629400061,0.0,0.0,0.019525406977
111,<geoprocessing describe geometry object object at 0x0000017C3FA4A060>,205,32,Location 205- Thomas J Kavanaugh VFW Post,2,1,1,,,,,0.0,0.0,0.0,1.89282430486,0.0,22.7141515344,0.0,0.0,0.0196183168122
112,<geoprocessing describe geometry object object at 0x0000017C3FA4A120>,282,33,Location 282 - Thomas J Kavanaugh VFW Post,2,1,1,,,,,0.0,0.0,0.0,1.89282430486,0.0,22.7141515344,0.0,0.0,0.0196183168122
113,<geoprocessing describe geometry object object at 0x0000017C3FA4A060>,279,34,Location 279 - Thomas J Kavanaugh VFW Post,2,1,1,,,,,0.0,0.0,0.0,1.89282430486,0.0,22.7141515344,0.0,0.0,0.0196183168122
114,<geoprocessing describe geometry object object at 0x0000017C3FA4A120>,235,35,Location 235 - Thomas J Kavanaugh VFW Post,2,1,1,,,,,0.0,0.0,0.0,1.89282430486,0.0,22.7141515344,0.0,0.0,0.0196183168122
115,<geoprocessing describe geometry object object at 0x0000017C3FA4A060>,284,36,Location 284 - Thomas J Kavanaugh VFW Post,2,2,1,,,,,0.0,0.0,0.0,1.90131315451,0.0,22.8164872243,0.0,0.0,0.0196741903401
116,<geoprocessing describe geometry object object at 0x0000017C3FA4A120>,253,37,Location 253 - Thomas J Kavanaugh VFW Post,2,2,1,,,,,0.0,0.0,0.0,1.90131315451,0.0,22.8164872243,0.0,0.0,0.0196741903401
117,<geoprocessing describe geometry object object at 0x0000017C3FA4A060>,203,38,Location 203- Thomas J Kavanaugh VFW Post,2,1,1,,,,,0.0,0.0,0.0,1.90980054342,0.0,22.9181677617,0.0,0.0,0.0199469826829
118,<geoprocessing describe geometry object object at 0x0000017C3FA4A120>,298,39,Location 298 - Thomas J Kavanaugh VFW Post,2,2,1,,,,,0.0,0.0,0.0,1.90980054342,0.0,22.9181677617,0.0,0.0,0.0199469826829
119,<geoprocessing describe geometry object object at 0x0000017C3FA4A060>,208,40,Location 208- Thomas J Kavanaugh VFW Post,2,1,1,,,,,0.0,0.0,0.0,5.22759947043,0.0,62.7305008961,0.0,0.0,0.0550858254965
120,<geoprocessing describe geometry object object at 0x0000017C3FA4A120>,263,41,Location 263 - Thomas J Kavanaugh VFW Post,2,2,1,,,,,0.0,0.0,0.0,5.29062527048,0.0,63.4866395983,0.0,0.0,0.056239617711
121,<geoprocessing describe geometry object object at 0x0000017C3FA4A060>,248,42,Location 248 - Thomas J Kavanaugh VFW Post,2,1,1,,,,,0.0,0.0,0.0,5.82207201524,0.0,69.8636898312,0.0,0.0,0.0616367558466
122,<geoprocessing describe geometry object object at 0x0000017C3FA4A120>,299,43,Location 299 - Thomas J Kavanaugh VFW Post,2,1,1,,,,,0.0,0.0,0.0,6.01735958217,0.0,72.2070334704,0.0,0.0,0.0638858878268
123,<geoprocessing describe geometry object object at 0x0000017C3FA4A060>,233,44,Location 233 - Thomas J Kavanaugh VFW Post,2,1,1,,,,,0.0,0.0,0.0,6.07947961474,0.0,72.9524436876,0.0,0.0,0.064593820656
124,<geoprocessing describe geometry object object at 0x0000017C3FA4A120>,319,1,Location 319 - Thomas J Kavanaugh VFW Post,1,1,1,,,,,0.0,0.0,0.0,0.13054511005,0.0,1.56656346607,0.0,0.0,0.00137377325504
125,<geoprocessing describe geometry object object at 0x0000017C3FA4A060>,325,2,Location 325 - Thomas J Kavanaugh VFW Post,1,1,1,,,,,0.0,0.0,0.0,0.166565994385,0.0,1.99863565019,0.0,0.0,0.00160590582406
126,<geoprocessing describe geometry object object at 0x0000017C3FA4A120>,376,3,Location 376 - Thomas J Kavanaugh VFW Post,1,1,1,,,,,0.0,0.0,0.0,0.18462541504,0.0,2.21531121691,0.0,0.0,0.00177369166943
127,<geoprocessing describe geometry object object at 0x0000017C3FA4A060>,318,4,Location 318 - Thomas J Kavanaugh VFW Post,1,1,1,,,,,0.0,0.0,0.0,0.194730894784,0.0,2.33655600059,0.0,0.0,0.00186757885983
128,<geoprocessing describe geometry object object at 0x0000017C3FA4A120>,316,5,Location 316 - Thomas J Kavanaugh VFW Post,1,1,1,,,,,0.0,0.0,0.0,0.215498483874,0.0,2.58586665055,0.0,0.0,0.00222119671567
129,<geoprocessing describe geometry object object at 0x0000017C3FA4A060>,348,6,Location 348 - Thomas J Kavanaugh VFW Post,1,1,1,,,,,0.0,0.0,0.0,0.215498483874,0.0,2.58586665055,0.0,0.0,0.00222119671567
130,<geoprocessing describe geometry object object at 0x0000017C3FA4A120>,322,7,Location 322 - Thomas J Kavanaugh VFW Post,2,2,1,,,,,0.0,0.0,0.0,0.315062689277,0.0,3.78079552034,0.0,0.0,0.00313646255889
131,<geoprocessing describe geometry object object at 0x0000017C3FA4A060>,347,8,Location 347 - Thomas J Kavanaugh VFW Post,2,1,1,,,,,0.0,0.0,0.0,0.484534840875,0.0,5.81412644252,0.0,0.0,0.00494262888704
132,<geoprocessing describe geometry object object at 0x0000017C3FA4A120>,379,9,Location 379 - Thomas J Kavanaugh VFW Post,2,1,1,,,,,0.0,0.0,0.0,0.484534840875,0.0,5.81412644252,0.0,0.0,0.00494262888704
133,<geoprocessing describe geometry object object at 0x0000017C3FA4A060>,317,10,Location 317 - Thomas J Kavanaugh VFW Post,2,1,1,,,,,0.0,0.0,0.0,0.485095742859,0.0,5.82081192977,0.0,0.0,0.00477813299327
134,<geoprocessing describe geometry object object at 0x0000017C3FA4A120>,328,11,Location 328 - Thomas J Kavanaugh VFW Post,2,2,1,,,,,0.0,0.0,0.0,0.672749998687,0.0,8.07279856823,0.0,0.0,0.00699826007387
135,<geoprocessing describe geometry object object at 0x0000017C3FA4A060>,388,12,Location 388 - Thomas J Kavanaugh VFW Post,2,1,1,,,,,0.0,0.0,0.0,1.52365968914,0.0,18.2842812825,0.0,0.0,0.0167508905506
136,<geoprocessing describe geometry object object at 0x0000017C3FA40060>,370,13,Location 370 - Thomas J Kavanaugh VFW Post,2,2,1,,,,,0.0,0.0,0.0,1.69641047002,0.0,20.357140226,0.0,0.0,0.0183674228843
137,<geoprocessing describe geometry object object at 0x0000017C3FA4A120>,330,14,Location 330 - Thomas J Kavanaugh VFW Post,2,2,1,,,,,0.0,0.0,0.0,1.72088328533,0.0,20.650815231,0.0,0.0,0.017121107621
138,<geoprocessing describe geometry object object at 0x0000017C3FA40060>,329,15,Location 329 - Thomas J Kavanaugh VFW Post,2,2,1,,,,,0.0,0.0,0.0,1.79166772796,0.0,21.5003174555,0.0,0.0,0.0179723669569
139,<geoprocessing describe geometry object object at 0x0000017C3FA4A120>,326,16,Location 326 - Thomas J Kavanaugh VFW Post,2,1,1,,,,,0.0,0.0,0.0,1.86276700098,0.0,22.3539462981,0.0,0.0,0.0191782794762
140,<geoprocessing describe geometry object object at 0x0000017C3FA40060>,386,17,Location 386 - Thomas J Kavanaugh VFW Post,2,2,1,,,,,0.0,0.0,0.0,1.88280992735,0.0,22.5938524871,0.0,0.0,0.0201647555565
141,<geoprocessing describe geometry object object at 0x0000017C3FA4A120>,327,18,Location 327 - Thomas J Kavanaugh VFW Post,2,2,1,,,,,0.0,0.0,0.0,1.90131315451,0.0,22.8164872243,0.0,0.0,0.0196741903401
142,<geoprocessing describe geometry object object at 0x0000017C3FA40060>,389,19,Location 389 - Thomas J Kavanaugh VFW Post,2,2,1,,,,,0.0,0.0,0.0,1.90131315451,0.0,22.8164872243,0.0,0.0,0.0196741903401
143,<geoprocessing describe geometry object object at 0x0000017C3FA4A120>,350,20,Location 350 - Thomas J Kavanaugh VFW Post,2,1,1,,,,,0.0,0.0,0.0,6.03940375754,0.0,72.4715528672,0.0,0.0,0.0641362634314
144,<geoprocessing describe geometry object object at 0x0000017C3FA40060>,411,1,Location 411 - Thomas J Kavanaugh VFW Post,1,1,1,,,,,0.0,0.0,0.0,0.147648484891,0.0,1.7717451976,0.0,0.0,0.00147762122214
145,<geoprocessing describe geometry object object at 0x0000017C3FA4A120>,410,2,Location 410 - Thomas J Kavanaugh VFW Post,1,1,1,,,,,0.0,0.0,0.0,0.194730894784,0.0,2.33655600059,0.0,0.0,0.00186757885983
146,<geoprocessing describe geometry object object at 0x0000017C3FA40060>,470,3,Location 470 - Thomas J Kavanaugh VFW Post,1,1,1,,,,,0.0,0.0,0.0,0.194730894784,0.0,2.33655600059,0.0,0.0,0.00186757885983
147,<geoprocessing describe geometry object object at 0x0000017C3FA4A120>,487,4,Location 487 - Thomas J Kavanaugh VFW Post,1,1,1,,,,,0.0,0.0,0.0,0.194730894784,0.0,2.33655600059,0.0,0.0,0.00186757885983
148,<geoprocessing describe geometry object object at 0x0000017C3FA40060>,438,5,Location 438 - Thomas J Kavanaugh VFW Post,1,1,1,,,,,0.0,0.0,0.0,0.215498483874,0.0,2.58586665055,0.0,0.0,0.00222119671567
149,<geoprocessing describe geometry object object at 0x0000017C3FA4A120>,407,6,Location 407- Thomas J Kavanaugh VFW Post,2,2,1,,,,,0.0,0.0,0.0,0.315062689277,0.0,3.78079552034,0.0,0.0,0.00313646255889
150,<geoprocessing describe geometry object object at 0x0000017C3FA40060>,485,7,Location 485 - Thomas J Kavanaugh VFW Post,2,2,1,,,,,0.0,0.0,0.0,0.315062689277,0.0,3.78079552034,0.0,0.0,0.00313646255889
151,<geoprocessing describe geometry object object at 0x0000017C3FA4A120>,486,8,Location 486 - Thomas J Kavanaugh VFW Post,2,2,1,,,,,0.0,0.0,0.0,0.315062689277,0.0,3.78079552034,0.0,0.0,0.00313646255889
152,<geoprocessing describe geometry object object at 0x0000017C3FA40060>,409,9,Location 409- Thomas J Kavanaugh VFW Post,2,1,1,,,,,0.0,0.0,0.0,0.484534840875,0.0,5.81412644252,0.0,0.0,0.00494262888704
153,<geoprocessing describe geometry object object at 0x0000017C3FA4A120>,454,10,Location 454 - Thomas J Kavanaugh VFW Post,2,1,1,,,,,0.0,0.0,0.0,0.484534840875,0.0,5.81412644252,0.0,0.0,0.00494262888704
154,<geoprocessing describe geometry object object at 0x0000017C3FA40060>,436,11,Location 436 - Thomas J Kavanaugh VFW Post,2,1,1,,,,,0.0,0.0,0.0,0.484534840875,0.0,5.81412644252,0.0,0.0,0.00494262888704
155,<geoprocessing describe geometry object object at 0x0000017C3FA4A120>,414,12,Location 414 - Thomas J Kavanaugh VFW Post,2,1,1,,,,,0.0,0.0,0.0,0.485095742859,0.0,5.82081192977,0.0,0.0,0.00477813299327
156,<geoprocessing describe geometry object object at 0x0000017C3FA40060>,488,13,Location 488 - Thomas J Kavanaugh VFW Post,2,1,1,,,,,0.0,0.0,0.0,0.485095742859,0.0,5.82081192977,0.0,0.0,0.00477813299327
157,<geoprocessing describe geometry object object at 0x0000017C3FA4A120>,416,14,Location 416 - Thomas J Kavanaugh VFW Post,2,1,1,,,,,0.0,0.0,0.0,0.764415446398,0.0,9.17279592593,0.0,0.0,0.00814848781892
158,<geoprocessing describe geometry object object at 0x0000017C3FA40060>,459,15,Location 459 - Thomas J Kavanaugh VFW Post,2,1,1,,,,,0.0,0.0,0.0,1.01745481209,0.0,12.2091132574,0.0,0.0,0.0108306732033
159,<geoprocessing describe geometry object object at 0x0000017C3FA4A120>,456,16,Location 456 - Thomas J Kavanaugh VFW Post,2,2,1,,,,,0.0,0.0,0.0,1.49764036885,0.0,17.9719563438,0.0,0.0,0.0165885558628
160,<geoprocessing describe geometry object object at 0x0000017C3FA40060>,439,17,Location 439 - Thomas J Kavanaugh VFW Post,2,2,1,,,,,0.0,0.0,0.0,1.49941126079,0.0,17.9932076385,0.0,0.0,0.0166092107465
161,<geoprocessing describe geometry object object at 0x0000017C3FA4A120>,455,18,Location 455 - Thomas J Kavanaugh VFW Post,2,1,1,,,,,0.0,0.0,0.0,1.52365968914,0.0,18.2842812825,0.0,0.0,0.0167508905506
162,<geoprocessing describe geometry object object at 0x0000017C3FA40060>,434,19,Location 434 - Thomas J Kavanaugh VFW Post,2,2,1,,,,,0.0,0.0,0.0,1.70244487716,0.0,20.429552471,0.0,0.0,0.018422872564
163,<geoprocessing describe geometry object object at 0x0000017C3FA4A120>,473,20,Location 473 - Thomas J Kavanaugh VFW Post,2,1,1,,,,,0.0,0.0,0.0,1.72198546108,0.0,20.6640416989,0.0,0.0,0.0171310364431
164,<geoprocessing describe geometry object object at 0x0000017C3FA40060>,458,21,Location 458 - Thomas J Kavanaugh VFW Post,2,2,1,,,,,0.0,0.0,0.0,1.7849714523,0.0,21.420411325,0.0,0.0,0.0183118154771
165,<geoprocessing describe geometry object object at 0x0000017C3FA4A120>,417,22,Location 417 - Thomas J Kavanaugh VFW Post,2,2,1,,,,,0.0,0.0,0.0,1.79166772796,0.0,21.5003174555,0.0,0.0,0.0179723669569
166,<geoprocessing describe geometry object object at 0x0000017C3FA40060>,469,23,Location 469 - Thomas J Kavanaugh VFW Post,2,2,1,,,,,0.0,0.0,0.0,1.79613258579,0.0,21.5537950276,0.0,0.0,0.0192837680703
167,<geoprocessing describe geometry object object at 0x0000017C3FA4A120>,440,24,Location 440 - Thomas J Kavanaugh VFW Post,2,2,1,,,,,0.0,0.0,0.0,1.84975797778,0.0,22.197797987,0.0,0.0,0.0190746969276
168,<geoprocessing describe geometry object object at 0x0000017C3FA40060>,429,25,Location 429 - Thomas J Kavanaugh VFW Post,2,2,1,,,,,0.0,0.0,0.0,1.88280992735,0.0,22.5938524871,0.0,0.0,0.0201647555565
169,<geoprocessing describe geometry object object at 0x0000017C3FA4A120>,465,26,Location 465 - Thomas J Kavanaugh VFW Post,2,1,1,,,,,0.0,0.0,0.0,1.88280992735,0.0,22.5938524871,0.0,0.0,0.0201647555565
170,<geoprocessing describe geometry object object at 0x0000017C3FA40060>,483,27,Location 483 - Thomas J Kavanaugh VFW Post,2,1,1,,,,,0.0,0.0,0.0,1.88280992735,0.0,22.5938524871,0.0,0.0,0.0201647555565
171,<geoprocessing describe geometry object object at 0x0000017C3FA40060>,413,28,Location 413 - Thomas J Kavanaugh VFW Post,2,2,1,,,,,0.0,0.0,0.0,1.89282430486,0.0,22.7141515344,0.0,0.0,0.0196183168122
172,<geoprocessing describe geometry object object at 0x0000017C3FA40030>,415,29,Location 415 - Thomas J Kavanaugh VFW Post,2,2,1,,,,,0.0,0.0,0.0,1.89282430486,0.0,22.7141515344,0.0,0.0,0.0196183168122
173,<geoprocessing describe geometry object object at 0x0000017C3FA40C30>,433,30,Location 433 - Thomas J Kavanaugh VFW Post,2,2,1,,,,,0.0,0.0,0.0,5.82207201524,0.0,69.8636898312,0.0,0.0,0.0616367558466
174,<geoprocessing describe geometry object object at 0x0000017C3FA40060>,404,31,Location 404- Thomas J Kavanaugh VFW Post,2,1,1,,,,,0.0,0.0,0.0,6.07947961474,0.0,72.9524436876,0.0,0.0,0.064593820656
175,<geoprocessing describe geometry object object at 0x0000017C3FA40030>,489,32,Location 489 - Thomas J Kavanaugh VFW Post,2,1,1,,,,,0.0,0.0,0.0,6.07947961474,0.0,72.9524436876,0.0,0.0,0.064593820656
176,<geoprocessing describe geometry object object at 0x0000017C3FA40C30>,562,1,Location 562 - Thomas J Kavanaugh VFW Post,1,1,1,,,,,0.0,0.0,0.0,0.147648484891,0.0,1.7717451976,0.0,0.0,0.00147762122214
177,<geoprocessing describe geometry object object at 0x0000017C3FA40060>,520,2,Location 520 - Thomas J Kavanaugh VFW Post,1,1,1,,,,,0.0,0.0,0.0,0.147648484891,0.0,1.7717451976,0.0,0.0,0.00147762122214
178,<geoprocessing describe geometry object object at 0x0000017C3FA40030>,560,3,Location 560 - Thomas J Kavanaugh VFW Post,1,1,1,,,,,0.0,0.0,0.0,0.200632514199,0.0,2.40748054341,0.0,0.0,0.00208474734332
179,<geoprocessing describe geometry object object at 0x0000017C3FA40C30>,504,4,Location 504- Thomas J Kavanaugh VFW Post,2,2,1,,,,,0.0,0.0,0.0,0.315062689277,0.0,3.78079552034,0.0,0.0,0.00313646255889
180,<geoprocessing describe geometry object object at 0x0000017C3FA40060>,561,5,Location 561 - Thomas J Kavanaugh VFW Post,2,2,1,,,,,0.0,0.0,0.0,0.315062689277,0.0,3.78079552034,0.0,0.0,0.00313646255889
181,<geoprocessing describe geometry object object at 0x0000017C3FA40030>,598,6,Location 598 - Thomas J Kavanaugh VFW Post,2,2,1,,,,,0.0,0.0,0.0,0.315062689277,0.0,3.78079552034,0.0,0.0,0.00313646255889
182,<geoprocessing describe geometry object object at 0x0000017C3FA40C30>,575,7,Location 575 - Thomas J Kavanaugh VFW Post,2,2,1,,,,,0.0,0.0,0.0,0.315062689277,0.0,3.78079552034,0.0,0.0,0.00313646255889
183,<geoprocessing describe geometry object object at 0x0000017C3FA40060>,503,8,Location 503- Thomas J Kavanaugh VFW Post,2,1,1,,,,,0.0,0.0,0.0,0.484534840875,0.0,5.81412644252,0.0,0.0,0.00494262888704
184,<geoprocessing describe geometry object object at 0x0000017C3FA40030>,521,9,Location 521 - Thomas J Kavanaugh VFW Post,2,1,1,,,,,0.0,0.0,0.0,0.485095742859,0.0,5.82081192977,0.0,0.0,0.00477813299327
185,<geoprocessing describe geometry object object at 0x0000017C3FA40C30>,599,10,Location 599 - Thomas J Kavanaugh VFW Post,2,1,1,,,,,0.0,0.0,0.0,0.485095742859,0.0,5.82081192977,0.0,0.0,0.00477813299327
186,<geoprocessing describe geometry object object at 0x0000017C3FA40060>,576,11,Location 576 - Thomas J Kavanaugh VFW Post,2,2,1,,,,,0.0,0.0,0.0,0.672749998687,0.0,8.07279856823,0.0,0.0,0.00699826007387
187,<geoprocessing describe geometry object object at 0x0000017C3FA40030>,522,12,Location 522 - Thomas J Kavanaugh VFW Post,2,2,1,,,,,0.0,0.0,0.0,0.74378530131,0.0,8.92520493263,0.0,0.0,0.00772270370582
188,<geoprocessing describe geometry object object at 0x0000017C3FA40C30>,542,13,Location 542 - Thomas J Kavanaugh VFW Post,2,1,1,,,,,0.0,0.0,0.0,1.52365968914,0.0,18.2842812825,0.0,0.0,0.0167508905506
189,<geoprocessing describe geometry object object at 0x0000017C3FA40060>,518,14,Location 518 - Thomas J Kavanaugh VFW Post,2,1,1,,,,,0.0,0.0,0.0,1.63198302522,0.0,19.583998958,0.0,0.0,0.0178284259982
190,<geoprocessing describe geometry object object at 0x0000017C3FA40030>,547,15,Location 547 - Thomas J Kavanaugh VFW Post,2,1,1,,,,,0.0,0.0,0.0,1.63851597266,0.0,19.6624215486,0.0,0.0,0.0161567700379
191,<geoprocessing describe geometry object object at 0x0000017C3FA40C30>,525,16,Location 525 - Thomas J Kavanaugh VFW Post,2,2,1,,,,,0.0,0.0,0.0,1.71663911449,0.0,20.600162449,0.0,0.0,0.0170716631227
192,<geoprocessing describe geometry object object at 0x0000017C3FA40060>,526,17,Location 526 - Thomas J Kavanaugh VFW Post,2,2,1,,,,,0.0,0.0,0.0,1.71663911449,0.0,20.600162449,0.0,0.0,0.0170716631227
193,<geoprocessing describe geometry object object at 0x0000017C3FA40030>,577,18,Location 577 - Thomas J Kavanaugh VFW Post,2,1,1,,,,,0.0,0.0,0.0,1.72198546108,0.0,20.6640416989,0.0,0.0,0.0171310364431
194,<geoprocessing describe geometry object object at 0x0000017C3FA40C30>,594,19,Location 594 - Thomas J Kavanaugh VFW Post,2,2,1,,,,,0.0,0.0,0.0,1.74273750709,0.0,20.9130597522,0.0,0.0,0.0187931214443
195,<geoprocessing describe geometry object object at 0x0000017C3FA40060>,523,20,Location 523 - Thomas J Kavanaugh VFW Post,2,2,1,,,,,0.0,0.0,0.0,1.79166772796,0.0,21.5003174555,0.0,0.0,0.0179723669569
196,<geoprocessing describe geometry object object at 0x0000017C3FA40030>,524,21,Location 524 - Thomas J Kavanaugh VFW Post,2,1,1,,,,,0.0,0.0,0.0,1.79166772796,0.0,21.5003174555,0.0,0.0,0.0179723669569
197,<geoprocessing describe geometry object object at 0x0000017C3FA40C30>,563,22,Location 563 - Thomas J Kavanaugh VFW Post,2,1,1,,,,,0.0,0.0,0.0,1.8258584358,0.0,21.9108444425,0.0,0.0,0.0188508639408
198,<geoprocessing describe geometry object object at 0x0000017C3FA40060>,519,23,Location 519 - Thomas J Kavanaugh VFW Post,2,1,1,,,,,0.0,0.0,0.0,1.88280992735,0.0,22.5938524871,0.0,0.0,0.0201647555565
199,<geoprocessing describe geometry object object at 0x0000017C3FA40030>,564,24,Location 564 - Thomas J Kavanaugh VFW Post,2,2,1,,,,,0.0,0.0,0.0,1.90131315451,0.0,22.8164872243,0.0,0.0,0.0196741903401
200,<geoprocessing describe geometry object object at 0x0000017C3FA40C30>,579,25,Location 579 - Thomas J Kavanaugh VFW Post,2,2,1,,,,,0.0,0.0,0.0,5.3954796876,0.0,64.7446103324,0.0,0.0,0.0575482303141
201,<geoprocessing describe geometry object object at 0x0000017C3FA40060>,543,26,Location 543 - Thomas J Kavanaugh VFW Post,2,2,1,,,,,0.0,0.0,0.0,5.80255358361,0.0,69.6294633095,0.0,0.0,0.0614900475959
202,<geoprocessing describe geometry object object at 0x0000017C3FA40030>,541,27,Location 541 - Thomas J Kavanaugh VFW Post,2,2,1,,,,,0.0,0.0,0.0,5.82207201524,0.0,69.8636898312,0.0,0.0,0.0616367558466
203,<geoprocessing describe geometry object object at 0x0000017C3FA40C30>,660,1,Location 660 - Thomas J Kavanaugh VFW Post,1,1,1,,,,,0.0,0.0,0.0,0.194730894784,0.0,2.33655600059,0.0,0.0,0.00186757885983
204,<geoprocessing describe geometry object object at 0x0000017C3FA40060>,626,2,Location 626 - Thomas J Kavanaugh VFW Post,2,2,1,,,,,0.0,0.0,0.0,0.315062689277,0.0,3.78079552034,0.0,0.0,0.00313646255889
205,<geoprocessing describe geometry object object at 0x0000017C3FA40030>,691,3,Location 691 - Thomas J Kavanaugh VFW Post,2,1,1,,,,,0.0,0.0,0.0,0.481651330433,0.0,5.77948271612,0.0,0.0,0.0047461196654
206,<geoprocessing describe geometry object object at 0x0000017C3FA40C30>,629,4,Location 629 - Thomas J Kavanaugh VFW Post,2,1,1,,,,,0.0,0.0,0.0,0.484534840875,0.0,5.81412644252,0.0,0.0,0.00494262888704
207,<geoprocessing describe geometry object object at 0x0000017C3FA40060>,657,5,Location 657 - Thomas J Kavanaugh VFW Post,2,1,1,,,,,0.0,0.0,0.0,0.484534840875,0.0,5.81412644252,0.0,0.0,0.00494262888704
208,<geoprocessing describe geometry object object at 0x0000017C3FA40030>,658,6,Location 658 - Thomas J Kavanaugh VFW Post,2,1,1,,,,,0.0,0.0,0.0,0.484534840875,0.0,5.81412644252,0.0,0.0,0.00494262888704
209,<geoprocessing describe geometry object object at 0x0000017C3FA40C30>,676,7,Location 676 - Thomas J Kavanaugh VFW Post,2,1,1,,,,,0.0,0.0,0.0,0.484534840875,0.0,5.81412644252,0.0,0.0,0.00494262888704
210,<geoprocessing describe geometry object object at 0x0000017C3FA40030>,646,8,Location 646 - Thomas J Kavanaugh VFW Post,2,1,1,,,,,0.0,0.0,0.0,0.485095742859,0.0,5.82081192977,0.0,0.0,0.00477813299327
211,<geoprocessing describe geometry object object at 0x0000017C3FA40C30>,631,9,Location 631 - Thomas J Kavanaugh VFW Post,2,2,1,,,,,0.0,0.0,0.0,0.656705763561,0.0,7.88026774672,0.0,0.0,0.00681691806805
212,<geoprocessing describe geometry object object at 0x0000017C3FA40030>,692,10,Location 692 - Thomas J Kavanaugh VFW Post,2,1,1,,,,,0.0,0.0,0.0,0.71962704551,0.0,8.635302881,0.0,0.0,0.00746215326503
213,<geoprocessing describe geometry object object at 0x0000017C3FA40C30>,689,11,Location 689 - Thomas J Kavanaugh VFW Post,2,1,1,,,,,0.0,0.0,0.0,1.52365968914,0.0,18.2842812825,0.0,0.0,0.0167508905506
214,<geoprocessing describe geometry object object at 0x0000017C3FA40030>,688,12,Location 688 - Thomas J Kavanaugh VFW Post,2,1,1,,,,,0.0,0.0,0.0,1.63978018644,0.0,19.6775850156,0.0,0.0,0.0178982381726
215,<geoprocessing describe geometry object object at 0x0000017C3FA40C30>,644,13,Location 644 - Thomas J Kavanaugh VFW Post,2,2,1,,,,,0.0,0.0,0.0,1.68043274563,0.0,20.1654092297,0.0,0.0,0.0182206033562
216,<geoprocessing describe geometry object object at 0x0000017C3FA40030>,695,14,Location 695 - Thomas J Kavanaugh VFW Post,2,1,1,,,,,0.0,0.0,0.0,1.72198546108,0.0,20.6640416989,0.0,0.0,0.0171310364431
217,<geoprocessing describe geometry object object at 0x0000017C3FA40C30>,619,15,Location 619 - Thomas J Kavanaugh VFW Post,2,2,1,,,,,0.0,0.0,0.0,1.75953818735,0.0,21.1146661316,0.0,0.0,0.0189475019211
218,<geoprocessing describe geometry object object at 0x0000017C3FA40030>,661,16,Location 661 - Thomas J Kavanaugh VFW Post,2,1,1,,,,,0.0,0.0,0.0,1.7849714523,0.0,21.420411325,0.0,0.0,0.0183118154771
219,<geoprocessing describe geometry object object at 0x0000017C3FA40C30>,662,17,Location 662 - Thomas J Kavanaugh VFW Post,2,1,1,,,,,0.0,0.0,0.0,1.79166772796,0.0,21.5003174555,0.0,0.0,0.0179723669569
220,<geoprocessing describe geometry object object at 0x0000017C3FA40030>,663,18,Location 663 - Thomas J Kavanaugh VFW Post,2,1,1,,,,,0.0,0.0,0.0,1.79166772796,0.0,21.5003174555,0.0,0.0,0.0179723669569
221,<geoprocessing describe geometry object object at 0x0000017C3FA40C30>,693,19,Location 693 - Thomas J Kavanaugh VFW Post,2,2,1,,,,,0.0,0.0,0.0,1.79166772796,0.0,21.5003174555,0.0,0.0,0.0179723669569
222,<geoprocessing describe geometry object object at 0x0000017C3FA40030>,694,20,Location 694 - Thomas J Kavanaugh VFW Post,2,2,1,,,,,0.0,0.0,0.0,1.79166772796,0.0,21.5003174555,0.0,0.0,0.0179723669569
223,<geoprocessing describe geometry object object at 0x0000017C3FA4A3F0>,630,21,Location 630 - Thomas J Kavanaugh VFW Post,2,2,1,,,,,0.0,0.0,0.0,1.8258584358,0.0,21.9108444425,0.0,0.0,0.0188508639408
224,<geoprocessing describe geometry object object at 0x0000017C3FA40C30>,677,22,Location 677 - Thomas J Kavanaugh VFW Post,2,1,1,,,,,0.0,0.0,0.0,1.8258584358,0.0,21.9108444425,0.0,0.0,0.0188508639408
225,<geoprocessing describe geometry object object at 0x0000017C3FA4A3F0>,617,23,Location 617 - Thomas J Kavanaugh VFW Post,2,2,1,,,,,0.0,0.0,0.0,1.88280992735,0.0,22.5938524871,0.0,0.0,0.0201647555565
226,<geoprocessing describe geometry object object at 0x0000017C3FA40C30>,686,24,Location 686 - Thomas J Kavanaugh VFW Post,2,2,1,,,,,0.0,0.0,0.0,1.88280992735,0.0,22.5938524871,0.0,0.0,0.0201647555565
227,<geoprocessing describe geometry object object at 0x0000017C3FA4A3F0>,664,25,Location 664 - Thomas J Kavanaugh VFW Post,2,2,1,,,,,0.0,0.0,0.0,5.16809226279,0.0,62.0162251937,0.0,0.0,0.0547948740003
228,<geoprocessing describe geometry object object at 0x0000017C3FA40C30>,635,26,Location 635 - Thomas J Kavanaugh VFW Post,2,1,1,,,,,0.0,0.0,0.0,5.33981595709,0.0,64.0770132869,0.0,0.0,0.0567950591625
229,<geoprocessing describe geometry object object at 0x0000017C3FA4A3F0>,632,27,Location 632 - Thomas J Kavanaugh VFW Post,2,1,1,,,,,0.0,0.0,0.0,5.46712426702,0.0,65.6046369572,0.0,0.0,0.0573571585124
230,<geoprocessing describe geometry object object at 0x0000017C3FA40C30>,690,28,Location 690 - Thomas J Kavanaugh VFW Post,2,1,1,,,,,0.0,0.0,0.0,5.60941480569,0.0,67.3119994055,0.0,0.0,0.059476696556
231,<geoprocessing describe geometry object object at 0x0000017C3FA4A3F0>,625,29,Location 625 - Thomas J Kavanaugh VFW Post,2,1,1,,,,,0.0,0.0,0.0,5.80255358361,0.0,69.6294633095,0.0,0.0,0.0614900475959
232,<geoprocessing describe geometry object object at 0x0000017C3FA40C30>,795,1,Location 795 - Thomas J Kavanaugh VFW Post,1,1,1,,,,,0.0,0.0,0.0,0.144450360624,0.0,1.73337122013,0.0,0.0,0.0014482320804
233,<geoprocessing describe geometry object object at 0x0000017C3FA4A3F0>,758,2,Location 758 - Thomas J Kavanaugh VFW Post,1,1,1,,,,,0.0,0.0,0.0,0.215498483874,0.0,2.58586665055,0.0,0.0,0.00222119671567
234,<geoprocessing describe geometry object object at 0x0000017C3FA40C30>,797,3,Location 797 - Thomas J Kavanaugh VFW Post,1,1,1,,,,,0.0,0.0,0.0,0.215498483874,0.0,2.58586665055,0.0,0.0,0.00222119671567
235,<geoprocessing describe geometry object object at 0x0000017C3FA4A3F0>,798,4,Location 798 - Thomas J Kavanaugh VFW Post,1,1,1,,,,,0.0,0.0,0.0,0.215498483874,0.0,2.58586665055,0.0,0.0,0.00222119671567
236,<geoprocessing describe geometry object object at 0x0000017C3FA40C30>,716,5,Location 716 - Thomas J Kavanaugh VFW Post,2,2,1,,,,,0.0,0.0,0.0,0.315062689277,0.0,3.78079552034,0.0,0.0,0.00313646255889
237,<geoprocessing describe geometry object object at 0x0000017C3FA4A3F0>,721,6,Location 721 - Thomas J Kavanaugh VFW Post,2,2,1,,,,,0.0,0.0,0.0,0.315062689277,0.0,3.78079552034,0.0,0.0,0.00313646255889
238,<geoprocessing describe geometry object object at 0x0000017C3FA40C30>,794,7,Location 794 - Thomas J Kavanaugh VFW Post,2,2,1,,,,,0.0,0.0,0.0,0.315062689277,0.0,3.78079552034,0.0,0.0,0.00313646255889
239,<geoprocessing describe geometry object object at 0x0000017C3FA4A3F0>,759,8,Location 759 - Thomas J Kavanaugh VFW Post,2,1,1,,,,,0.0,0.0,0.0,0.484534840875,0.0,5.81412644252,0.0,0.0,0.00494262888704
240,<geoprocessing describe geometry object object at 0x0000017C3FA40C30>,756,9,Location 756 - Thomas J Kavanaugh VFW Post,2,1,1,,,,,0.0,0.0,0.0,0.484534840875,0.0,5.81412644252,0.0,0.0,0.00494262888704
241,<geoprocessing describe geometry object object at 0x0000017C3FA4A3F0>,722,10,Location 722 - Thomas J Kavanaugh VFW Post,2,2,1,,,,,0.0,0.0,0.0,0.642876318917,0.0,7.71431441099,0.0,0.0,0.00665850052888
242,<geoprocessing describe geometry object object at 0x0000017C3FA40C30>,718,11,Location 718 - Thomas J Kavanaugh VFW Post,2,1,1,,,,,0.0,0.0,0.0,1.63198302522,0.0,19.583998958,0.0,0.0,0.0178284259982
243,<geoprocessing describe geometry object object at 0x0000017C3FA4A3F0>,775,12,Location 775 - Thomas J Kavanaugh VFW Post,2,1,1,,,,,0.0,0.0,0.0,1.63198302522,0.0,19.583998958,0.0,0.0,0.0178284259982
244,<geoprocessing describe geometry object object at 0x0000017C3FA40C30>,745,13,Location 745 - Thomas J Kavanaugh VFW Post,2,1,1,,,,,0.0,0.0,0.0,1.63669232118,0.0,19.6405306324,0.0,0.0,0.0178621651711
245,<geoprocessing describe geometry object object at 0x0000017C3FA4A3F0>,755,14,Location 755 - Thomas J Kavanaugh VFW Post,2,2,1,,,,,0.0,0.0,0.0,1.70266276617,0.0,20.432167116,0.0,0.0,0.0184248745542
246,<geoprocessing describe geometry object object at 0x0000017C3FA40C30>,776,15,Location 776 - Thomas J Kavanaugh VFW Post,2,2,1,,,,,0.0,0.0,0.0,1.70862666282,0.0,20.5037332426,0.0,0.0,0.0184796767303
247,<geoprocessing describe geometry object object at 0x0000017C3FA4A3F0>,725,16,Location 725 - Thomas J Kavanaugh VFW Post,2,1,1,,,,,0.0,0.0,0.0,1.71663911449,0.0,20.600162449,0.0,0.0,0.0170716631227
248,<geoprocessing describe geometry object object at 0x0000017C3FA40C30>,774,17,Location 774 - Thomas J Kavanaugh VFW Post,2,2,1,,,,,0.0,0.0,0.0,1.73240525163,0.0,20.7890737837,0.0,0.0,0.0186981784516
249,<geoprocessing describe geometry object object at 0x0000017C3FA4A3F0>,777,18,Location 777 - Thomas J Kavanaugh VFW Post,2,2,1,,,,,0.0,0.0,0.0,1.77477172433,0.0,21.297466958,0.0,0.0,0.0190874832903
250,<geoprocessing describe geometry object object at 0x0000017C3FA40C30>,723,19,Location 723 - Thomas J Kavanaugh VFW Post,2,2,1,,,,,0.0,0.0,0.0,1.7849714523,0.0,21.420411325,0.0,0.0,0.0183118154771
251,<geoprocessing describe geometry object object at 0x0000017C3FA4A3F0>,747,20,Location 747 - Thomas J Kavanaugh VFW Post,2,2,1,,,,,0.0,0.0,0.0,1.79166772796,0.0,21.5003174555,0.0,0.0,0.0179723669569
252,<geoprocessing describe geometry object object at 0x0000017C3FA40C30>,748,21,Location 748 - Thomas J Kavanaugh VFW Post,2,1,1,,,,,0.0,0.0,0.0,1.79166772796,0.0,21.5003174555,0.0,0.0,0.0179723669569
253,<geoprocessing describe geometry object object at 0x0000017C3FA4A3F0>,779,22,Location 779 - Thomas J Kavanaugh VFW Post,2,2,1,,,,,0.0,0.0,0.0,1.84593318655,0.0,22.1511322518,0.0,0.0,0.0186650014401
254,<geoprocessing describe geometry object object at 0x0000017C3FA40C30>,724,23,Location 724 - Thomas J Kavanaugh VFW Post,2,1,1,,,,,0.0,0.0,0.0,1.85391269779,0.0,22.2468837693,0.0,0.0,0.018736900401
255,<geoprocessing describe geometry object object at 0x0000017C3FA4A3F0>,799,24,Location 799 - Thomas J Kavanaugh VFW Post,2,2,1,,,,,0.0,0.0,0.0,1.86787525886,0.0,22.4152148892,0.0,0.0,0.019285368332
256,<geoprocessing describe geometry object object at 0x0000017C3FA40C30>,741,25,Location 741 - Thomas J Kavanaugh VFW Post,2,1,1,,,,,0.0,0.0,0.0,1.88280992735,0.0,22.5938524871,0.0,0.0,0.0201647555565
257,<geoprocessing describe geometry object object at 0x0000017C3FA4A3F0>,771,26,Location 771 - Thomas J Kavanaugh VFW Post,2,2,1,,,,,0.0,0.0,0.0,1.88280992735,0.0,22.5938524871,0.0,0.0,0.0201647555565
258,<geoprocessing describe geometry object object at 0x0000017C3FA4A210>,773,27,Location 773 - Thomas J Kavanaugh VFW Post,2,2,1,,,,,0.0,0.0,0.0,1.88280992735,0.0,22.5938524871,0.0,0.0,0.0201647555565
259,<geoprocessing describe geometry object object at 0x0000017C3FA4A4B0>,743,28,Location 743 - Thomas J Kavanaugh VFW Post,2,2,1,,,,,0.0,0.0,0.0,1.88280992735,0.0,22.5938524871,0.0,0.0,0.0201647555565
260,<geoprocessing describe geometry object object at 0x0000017C3FA4A7B0>,778,29,Location 778 - Thomas J Kavanaugh VFW Post,2,1,1,,,,,0.0,0.0,0.0,1.88761537912,0.0,22.6516455411,0.0,0.0,0.0195703204683
261,<geoprocessing describe geometry object object at 0x0000017C3FA4A210>,760,30,Location 760 - Thomas J Kavanaugh VFW Post,2,1,1,,,,,0.0,0.0,0.0,1.89282430486,0.0,22.7141515344,0.0,0.0,0.0196183168122
262,<geoprocessing describe geometry object object at 0x0000017C3FA4A4B0>,761,31,Location 761 - Thomas J Kavanaugh VFW Post,2,2,1,,,,,0.0,0.0,0.0,1.90131315451,0.0,22.8164872243,0.0,0.0,0.0196741903401
263,<geoprocessing describe geometry object object at 0x0000017C3FA4A7B0>,728,32,Location 728 - Thomas J Kavanaugh VFW Post,2,1,1,,,,,0.0,0.0,0.0,5.20957193234,0.0,62.5140425645,0.0,0.0,0.0551162071166
264,<geoprocessing describe geometry object object at 0x0000017C3FA4A210>,746,33,Location 746 - Thomas J Kavanaugh VFW Post,2,2,1,,,,,0.0,0.0,0.0,5.76907016909,0.0,69.2276539241,0.0,0.0,0.0611335428546
265,<geoprocessing describe geometry object object at 0x0000017C3FA4A4B0>,867,1,Location 867 - Thomas J Kavanaugh VFW Post,1,1,1,,,,,0.0,0.0,0.0,0.147648484891,0.0,1.7717451976,0.0,0.0,0.00147762122214
266,<geoprocessing describe geometry object object at 0x0000017C3FA4A7B0>,869,2,Location 869 - Thomas J Kavanaugh VFW Post,1,1,1,,,,,0.0,0.0,0.0,0.194730894784,0.0,2.33655600059,0.0,0.0,0.00186757885983
267,<geoprocessing describe geometry object object at 0x0000017C3FA4A210>,885,3,Location 885 - Thomas J Kavanaugh VFW Post,1,1,1,,,,,0.0,0.0,0.0,0.194730894784,0.0,2.33655600059,0.0,0.0,0.00186757885983
268,<geoprocessing describe geometry object object at 0x0000017C3FA4A4B0>,853,4,Location 853 - Thomas J Kavanaugh VFW Post,1,1,1,,,,,0.0,0.0,0.0,0.215498483874,0.0,2.58586665055,0.0,0.0,0.00222119671567
269,<geoprocessing describe geometry object object at 0x0000017C3FA4A7B0>,810,5,Location 810 - Thomas J Kavanaugh VFW Post,2,2,1,,,,,0.0,0.0,0.0,0.315062689277,0.0,3.78079552034,0.0,0.0,0.00313646255889
270,<geoprocessing describe geometry object object at 0x0000017C3FA4A210>,811,6,Location 811 - Thomas J Kavanaugh VFW Post,2,2,1,,,,,0.0,0.0,0.0,0.315062689277,0.0,3.78079552034,0.0,0.0,0.00313646255889
271,<geoprocessing describe geometry object object at 0x0000017C3FA4A7B0>,812,7,Location 812 - Thomas J Kavanaugh VFW Post,2,1,1,,,,,0.0,0.0,0.0,0.315062689277,0.0,3.78079552034,0.0,0.0,0.00313646255889
272,<geoprocessing describe geometry object object at 0x0000017C3FA4A210>,888,8,Location 888 - Thomas J Kavanaugh VFW Post,2,2,1,,,,,0.0,0.0,0.0,0.315062689277,0.0,3.78079552034,0.0,0.0,0.00313646255889
273,<geoprocessing describe geometry object object at 0x0000017C3FA4A7B0>,854,9,Location 854 - Thomas J Kavanaugh VFW Post,2,2,1,,,,,0.0,0.0,0.0,0.481594471467,0.0,5.77883423839,0.0,0.0,0.0049328719525
274,<geoprocessing describe geometry object object at 0x0000017C3FA4A210>,832,10,Location 832 - Thomas J Kavanaugh VFW Post,2,1,1,,,,,0.0,0.0,0.0,0.484534840875,0.0,5.81412644252,0.0,0.0,0.00494262888704
275,<geoprocessing describe geometry object object at 0x0000017C3FA4A7B0>,886,11,Location 886 - Thomas J Kavanaugh VFW Post,2,1,1,,,,,0.0,0.0,0.0,0.484534840875,0.0,5.81412644252,0.0,0.0,0.00494262888704
276,<geoprocessing describe geometry object object at 0x0000017C3FA4A210>,833,12,Location 833 - Thomas J Kavanaugh VFW Post,2,1,1,,,,,0.0,0.0,0.0,0.485095742859,0.0,5.82081192977,0.0,0.0,0.00477813299327
277,<geoprocessing describe geometry object object at 0x0000017C3FA4A7B0>,887,13,Location 887 - Thomas J Kavanaugh VFW Post,2,1,1,,,,,0.0,0.0,0.0,1.25597391263,0.0,15.0721245408,0.0,0.0,0.0141091636529
278,<geoprocessing describe geometry object object at 0x0000017C3FA4A210>,866,14,Location 866 - Thomas J Kavanaugh VFW Post,2,2,1,,,,,0.0,0.0,0.0,1.49941126079,0.0,17.9932076385,0.0,0.0,0.0166092107465
279,<geoprocessing describe geometry object object at 0x0000017C3FA4A7B0>,809,15,Location 809- Thomas J Kavanaugh VFW Post,2,1,1,,,,,0.0,0.0,0.0,1.63198302522,0.0,19.583998958,0.0,0.0,0.0178284259982
280,<geoprocessing describe geometry object object at 0x0000017C3FA4A210>,891,16,Location 891 - Thomas J Kavanaugh VFW Post,2,1,1,,,,,0.0,0.0,0.0,1.71497469764,0.0,20.5801868954,0.0,0.0,0.0170566620757
281,<geoprocessing describe geometry object object at 0x0000017C3FA4A7B0>,815,17,Location 815 - Thomas J Kavanaugh VFW Post,2,2,1,,,,,0.0,0.0,0.0,1.71663911449,0.0,20.600162449,0.0,0.0,0.0170716631227
282,<geoprocessing describe geometry object object at 0x0000017C3FA4A210>,814,18,Location 814 - Thomas J Kavanaugh VFW Post,2,1,1,,,,,0.0,0.0,0.0,1.72198546108,0.0,20.6640416989,0.0,0.0,0.0171310364431
283,<geoprocessing describe geometry object object at 0x0000017C3FA4A7B0>,829,19,Location 829 - Thomas J Kavanaugh VFW Post,2,2,1,,,,,0.0,0.0,0.0,1.76119545033,0.0,21.1345531114,0.0,0.0,0.0189627310874
284,<geoprocessing describe geometry object object at 0x0000017C3FA4A210>,813,20,Location 813 - Thomas J Kavanaugh VFW Post,2,1,1,,,,,0.0,0.0,0.0,1.7849714523,0.0,21.420411325,0.0,0.0,0.0183118154771
285,<geoprocessing describe geometry object object at 0x0000017C3FA4A7B0>,890,21,Location 890 - Thomas J Kavanaugh VFW Post,2,1,1,,,,,0.0,0.0,0.0,1.79166772796,0.0,21.5003174555,0.0,0.0,0.0179723669569
286,<geoprocessing describe geometry object object at 0x0000017C3FA4A210>,828,22,Location 828 - Thomas J Kavanaugh VFW Post,2,2,1,,,,,0.0,0.0,0.0,1.88280992735,0.0,22.5938524871,0.0,0.0,0.0201647555565
287,<geoprocessing describe geometry object object at 0x0000017C3FA4A7B0>,898,23,Location 898 - Thomas J Kavanaugh VFW Post,2,1,1,,,,,0.0,0.0,0.0,1.88280992735,0.0,22.5938524871,0.0,0.0,0.0201647555565
288,<geoprocessing describe geometry object object at 0x0000017C3FA4A210>,899,24,Location 899 - Thomas J Kavanaugh VFW Post,2,2,1,,,,,0.0,0.0,0.0,1.88280992735,0.0,22.5938524871,0.0,0.0,0.0201647555565
289,<geoprocessing describe geometry object object at 0x0000017C3FA4A7B0>,870,25,Location 870 - Thomas J Kavanaugh VFW Post,2,1,1,,,,,0.0,0.0,0.0,1.90980054342,0.0,22.9181677617,0.0,0.0,0.0199469826829
290,<geoprocessing describe geometry object object at 0x0000017C3FA4A210>,831,26,Location 831 - Thomas J Kavanaugh VFW Post,2,2,1,,,,,0.0,0.0,0.0,5.74042876622,0.0,68.8839277213,0.0,0.0,0.0608415689051
291,<geoprocessing describe geometry object object at 0x0000017C3FA4A7B0>,900,27,Location 9000 - Thomas J Kavanaugh VFW Post,2,1,1,,,,,0.0,0.0,0.0,6.07947961474,0.0,72.9524436876,0.0,0.0,0.064593820656
292,<geoprocessing describe geometry object object at 0x0000017C3FA4A210>,902,1,Location 902- Thomas J Kavanaugh VFW Post,1,1,1,,,,,0.0,0.0,0.0,0.191602197852,0.0,2.29901813081,0.0,0.0,0.00183851129011
293,<geoprocessing describe geometry object object at 0x0000017C3FA4A7B0>,901,2,Location 901- Thomas J Kavanaugh VFW Post,1,1,1,,,,,0.0,0.0,0.0,0.194730894784,0.0,2.33655600059,0.0,0.0,0.00186757885983
294,<geoprocessing describe geometry object object at 0x0000017C3FA4A210>,989,3,Location 989 - Thomas J Kavanaugh VFW Post,1,1,1,,,,,0.0,0.0,0.0,0.212843921232,0.0,2.55401288613,0.0,0.0,0.00219683104619
295,<geoprocessing describe geometry object object at 0x0000017C3FA4A7B0>,986,4,Location 986 - Thomas J Kavanaugh VFW Post,1,1,1,,,,,0.0,0.0,0.0,0.215498483874,0.0,2.58586665055,0.0,0.0,0.00222119671567
296,<geoprocessing describe geometry object object at 0x0000017C3FA4A210>,953,5,Location 953 - Thomas J Kavanaugh VFW Post,2,2,1,,,,,0.0,0.0,0.0,0.315062689277,0.0,3.78079552034,0.0,0.0,0.00313646255889
297,<geoprocessing describe geometry object object at 0x0000017C3FA4A7B0>,914,6,Location 914 - Thomas J Kavanaugh VFW Post,2,2,1,,,,,0.0,0.0,0.0,0.315062689277,0.0,3.78079552034,0.0,0.0,0.00313646255889
298,<geoprocessing describe geometry object object at 0x0000017C3FA4A210>,935,7,Location 935 - Thomas J Kavanaugh VFW Post,2,2,1,,,,,0.0,0.0,0.0,0.315062689277,0.0,3.78079552034,0.0,0.0,0.00313646255889
299,<geoprocessing describe geometry object object at 0x0000017C3FA4A7B0>,916,8,Location 916 - Thomas J Kavanaugh VFW Post,2,1,1,,,,,0.0,0.0,0.0,0.481594471467,0.0,5.77883423839,0.0,0.0,0.0049328719525
300,<geoprocessing describe geometry object object at 0x0000017C3FA4A210>,936,9,Location 936 - Thomas J Kavanaugh VFW Post,2,2,1,,,,,0.0,0.0,0.0,0.481594471467,0.0,5.77883423839,0.0,0.0,0.0049328719525
301,<geoprocessing describe geometry object object at 0x0000017C3FA4A7B0>,973,10,Location 973 - Thomas J Kavanaugh VFW Post,2,2,1,,,,,0.0,0.0,0.0,0.481594471467,0.0,5.77883423839,0.0,0.0,0.0049328719525
302,<geoprocessing describe geometry object object at 0x0000017C3FA4A210>,974,11,Location 974 - Thomas J Kavanaugh VFW Post,2,2,1,,,,,0.0,0.0,0.0,0.481594471467,0.0,5.77883423839,0.0,0.0,0.0049328719525
303,<geoprocessing describe geometry object object at 0x0000017C3FA4A7B0>,985,12,Location 985 - Thomas J Kavanaugh VFW Post,2,1,1,,,,,0.0,0.0,0.0,0.484534840875,0.0,5.81412644252,0.0,0.0,0.00494262888704
304,<geoprocessing describe geometry object object at 0x0000017C3FA4A210>,955,13,Location 955 - Thomas J Kavanaugh VFW Post,2,2,1,,,,,0.0,0.0,0.0,0.623150086571,0.0,7.47759962283,0.0,0.0,0.00643477657018
305,<geoprocessing describe geometry object object at 0x0000017C3FA4A7B0>,975,14,Location 975 - Thomas J Kavanaugh VFW Post,2,2,1,,,,,0.0,0.0,0.0,0.764415446398,0.0,9.17279592593,0.0,0.0,0.00814848781892
306,<geoprocessing describe geometry object object at 0x0000017C3FA4A210>,938,15,Location 938 - Thomas J Kavanaugh VFW Post,2,2,1,,,,,0.0,0.0,0.0,0.903023679628,0.0,10.83610266,0.0,0.0,0.00954775806407
307,<geoprocessing describe geometry object object at 0x0000017C3FA4A7B0>,913,16,Location 913 - Thomas J Kavanaugh VFW Post,2,1,1,,,,,0.0,0.0,0.0,1.62279879318,0.0,19.4737912362,0.0,0.0,0.0177324525499
308,<geoprocessing describe geometry object object at 0x0000017C3FA4A210>,904,17,Location 904- Thomas J Kavanaugh VFW Post,2,2,1,,,,,0.0,0.0,0.0,1.71663911449,0.0,20.600162449,0.0,0.0,0.0170716631227
309,<geoprocessing describe geometry object object at 0x0000017C3FA4A7B0>,905,18,Location 905- Thomas J Kavanaugh VFW Post,2,1,1,,,,,0.0,0.0,0.0,1.71663911449,0.0,20.600162449,0.0,0.0,0.0170716631227
310,<geoprocessing describe geometry object object at 0x0000017C3FA40630>,920,19,Location 920 - Thomas J Kavanaugh VFW Post,2,2,1,,,,,0.0,0.0,0.0,1.71663911449,0.0,20.600162449,0.0,0.0,0.0170716631227
311,<geoprocessing describe geometry object object at 0x0000017C3FA4A210>,921,20,Location 921 - Thomas J Kavanaugh VFW Post,2,2,1,,,,,0.0,0.0,0.0,1.71663911449,0.0,20.600162449,0.0,0.0,0.0170716631227
312,<geoprocessing describe geometry object object at 0x0000017C3FA40630>,939,21,Location 939 - Thomas J Kavanaugh VFW Post,2,2,1,,,,,0.0,0.0,0.0,1.79166772796,0.0,21.5003174555,0.0,0.0,0.0179723669569
313,<geoprocessing describe geometry object object at 0x0000017C3FA4A210>,918,22,Location 918 - Thomas J Kavanaugh VFW Post,2,2,1,,,,,0.0,0.0,0.0,1.79166772796,0.0,21.5003174555,0.0,0.0,0.0179723669569
314,<geoprocessing describe geometry object object at 0x0000017C3FA40630>,919,23,Location 919 - Thomas J Kavanaugh VFW Post,2,2,1,,,,,0.0,0.0,0.0,1.79166772796,0.0,21.5003174555,0.0,0.0,0.0179723669569
315,<geoprocessing describe geometry object object at 0x0000017C3FA4A210>,957,24,Location 957 - Thomas J Kavanaugh VFW Post,2,2,1,,,,,0.0,0.0,0.0,1.79166772796,0.0,21.5003174555,0.0,0.0,0.0179723669569
316,<geoprocessing describe geometry object object at 0x0000017C3FA40630>,937,25,Location 937 - Thomas J Kavanaugh VFW Post,2,1,1,,,,,0.0,0.0,0.0,1.8258584358,0.0,21.9108444425,0.0,0.0,0.0188508639408
317,<geoprocessing describe geometry object object at 0x0000017C3FA4A210>,911,26,Location 911 - Thomas J Kavanaugh VFW Post,2,2,1,,,,,0.0,0.0,0.0,1.88280992735,0.0,22.5938524871,0.0,0.0,0.0201647555565
318,<geoprocessing describe geometry object object at 0x0000017C3FA40630>,917,27,Location 917 - Thomas J Kavanaugh VFW Post,2,2,1,,,,,0.0,0.0,0.0,1.88834019467,0.0,22.6608048828,0.0,0.0,0.0195233380118
319,<geoprocessing describe geometry object object at 0x0000017C3FA4A210>,956,28,Location 956 - Thomas J Kavanaugh VFW Post,2,2,1,,,,,0.0,0.0,0.0,1.90131315451,0.0,22.8164872243,0.0,0.0,0.0196741903401
320,<geoprocessing describe geometry object object at 0x0000017C3FA40630>,991,29,Location 991 - Thomas J Kavanaugh VFW Post,2,2,1,,,,,0.0,0.0,0.0,5.3104108364,0.0,63.7240663893,0.0,0.0,0.0564728955375
321,<geoprocessing describe geometry object object at 0x0000017C3FA4A210>,988,30,Location 988 - Thomas J Kavanaugh VFW Post,2,1,1,,,,,0.0,0.0,0.0,5.60941480569,0.0,67.3119994055,0.0,0.0,0.059476696556
322,<geoprocessing describe geometry object object at 0x0000017C3FA40630>,903,31,Location 903- Thomas J Kavanaugh VFW Post,2,1,1,,,,,0.0,0.0,0.0,6.07947961474,0.0,72.9524436876,0.0,0.0,0.064593820656
